Open_time,Open,High,Low,Close,Volume,Quote asset volume,Number of trades,Open_BTCUSDT,High_BTCUSDT,Low_BTCUSDT,Close_BTCUSDT,Volume_BTCUSDT,Quote_asset_volume_BTCUSDT,Number_of_trades_BTCUSDT,Open_ETHUSDT,High_ETHUSDT,Low_ETHUSDT,Close_ETHUSDT,Volume_ETHUSDT,Quote_asset_volume_ETHUSDT,Number_of_trades_ETHUSDT,Open_BNBUSDT,High_BNBUSDT,Low_BNBUSDT,Close_BNBUSDT,Volume_BNBUSDT,Quote_asset_volume_BNBUSDT,Number_of_trades_BNBUSDT,SMA_20,EMA_20,Upper_Band,Middle_Band,Lower_Band,RSI,MACD,Signal,ADX,SlowK,SlowD,CCI,ATR,MFI,buy_1000x_high_coinbase,sell_1000x_high_coinbase,total_trades_coinbase,Sentimiento,Tweets_Utilizados,Cantidad_pos,Cantidad_neg,Cantidad_neu,Compound total,Sentimiento_coin,Tweets_Utilizados_coin,Cantidad_pos_coin,Cantidad_neg_coin,Cantidad_neu_coin,Compound total coin,Sentimiento_referentes,Tweets_Utilizados_referentes,Cantidad_pos_referentes,Cantidad_neg_referentes,Cantidad_neu_referentes,Compound total referentes,Tweets_Utilizados_whale_alert,Buy_1000x_high,sell_1000x_high,total_trades_binance
2024-02-11,7.20000000,7.34200000,7.07700000,7.09900000,4140070.61000000,29876047.34122000,74020,47751.08000000,48592.66000000,47557.16000000,48299.99000000,29958.80837000,1443314885.77140522,1407270,2500.24000000,2539.63000000,2493.45000000,2507.21000000,219975.14710000,553430378.32506895,711081,323.00000000,324.90000000,320.10000000,320.70000000,280308.10500000,90370119.20850000,137326,6.81090000,6.96752631,7.27275578,6.81090000,6.34904422,52.70098083,-0.05273876,-0.15496782,21.76752902,79.09430096,76.61262921,125.06265664,0.34596504,64.71674871,,,,pos,127,70.00000000,20.00000000,37.00000000,30.27380000,pos,162,96.00000000,25.00000000,41.00000000,50.60880000,neu,0,0.00000000,0.00000000,0.00000000,0.00000000,12,357.00000000,277.00000000,41000.00000000
2024-02-12,7.09900000,7.37700000,6.97800000,7.34000000,6638724.11000000,47756264.59443000,119442,48300.00000000,50334.82000000,47710.01000000,49917.27000000,59009.96705000,2898220863.01818037,1939394,2507.22000000,2665.58000000,2472.00000000,2659.99000000,449501.77600000,1152087242.12635803,1019390,320.60000000,332.20000000,315.60000000,327.80000000,576734.16200000,186477781.44499999,222424,6.85985000,7.00300000,7.32807400,6.85985000,6.39162600,57.82277295,-0.01882241,-0.12773874,21.02049623,83.18678374,80.40400482,127.89605197,0.34975326,63.18278136,59.00000000,34.00000000,29288.00000000,pos,304,137.00000000,43.00000000,124.00000000,55.34790000,pos,160,84.00000000,26.00000000,50.00000000,40.86640000,neu,1,0.00000000,0.00000000,1.00000000,0.00000000,37,468.00000000,488.00000000,66000.00000000
2024-02-13,7.34000000,7.45000000,7.11100000,7.35300000,5806068.65000000,42408110.27971000,106417,49917.28000000,50368.61000000,48300.95000000,49699.59000000,55551.56706000,2745025370.06744719,1741811,2659.99000000,2686.12000000,2590.00000000,2639.99000000,502447.74500000,1328138932.92916870,1044885,327.90000000,329.20000000,318.60000000,324.70000000,441545.83000000,143321078.21640000,203711,6.90440000,7.03633333,7.38218380,6.90440000,6.42661620,58.08642763,0.00900176,-0.10039064,20.58382473,85.05401815,82.44503429,123.46021343,0.34898517,72.84039635,14.00000000,19.00000000,27788.00000000,pos,165,88.00000000,29.00000000,48.00000000,38.05500000,pos,134,72.00000000,28.00000000,34.00000000,29.33140000,neu,0,0.00000000,0.00000000,0.00000000,0.00000000,54,394.00000000,365.00000000,64000.00000000
2024-02-14,7.35400000,7.71000000,7.27300000,7.64900000,6998063.16000000,53082392.52019000,130998,49699.60000000,52043.71000000,49225.01000000,51795.17000000,57046.37401000,2919604456.72331285,1859392,2639.99000000,2786.00000000,2618.40000000,2774.81000000,461670.69440000,1258639954.54766512,1090412,324.60000000,334.60000000,323.40000000,333.90000000,452466.98000000,149740983.61179999,200782,6.96495000,7.09468254,7.49503696,6.96495000,6.43486304,63.65712741,0.05431127,-0.06945026,20.99676461,93.30622377,87.18234189,163.57016770,0.35527194,81.99150003,93.00000000,62.00000000,37836.00000000,pos,298,133.00000000,56.00000000,109.00000000,45.67160000,pos,165,81.00000000,25.00000000,59.00000000,36.06150000,neu,0,0.00000000,0.00000000,0.00000000,0.00000000,58,439.00000000,491.00000000,80000.00000000
2024-02-15,7.64800000,7.95000000,7.52600000,7.78100000,8076847.34000000,62737389.42161000,162113,51795.17000000,52816.62000000,51314.00000000,51880.00000000,53816.03055000,2802825737.99201536,1786569,2774.80000000,2867.65000000,2759.25000000,2822.59000000,481689.18740000,1353587492.51477504,1347619,333.90000000,366.60000000,333.30000000,354.20000000,1361590.40300000,478646206.09050000,448821,7.02040000,7.16004611,7.64065556,7.02040000,6.40014444,65.83769308,0.09972116,-0.03561597,22.00112460,90.61408616,89.65810936,179.14698036,0.36018109,83.38774131,50.00000000,57.00000000,39936.00000000,pos,213,115.00000000,40.00000000,58.00000000,48.56580000,pos,161,102.00000000,17.00000000,42.00000000,50.74840000,pos,1,1.00000000,0.00000000,0.00000000,0.94930000,15,440.00000000,500.00000000,96000.00000000
2024-02-16,7.78100000,7.86800000,7.53700000,7.64700000,5128123.74000000,39582350.55408000,113076,51880.01000000,52572.08000000,51566.00000000,52124.11000000,37772.25318000,1965003863.97133446,1583711,2822.58000000,2857.40000000,2740.00000000,2801.80000000,378070.80370000,1062271564.48785996,1123447,354.30000000,366.80000000,349.10000000,360.40000000,1061855.98600000,380862085.14399999,360598,7.06930000,7.20642267,7.72426659,7.06930000,6.41433341,61.78495792,0.12347283,-0.00379821,22.93374459,86.69117096,90.20382696,133.86188525,0.35809672,75.78899752,14.00000000,23.00000000,26517.00000000,pos,165,81.00000000,29.00000000,55.00000000,26.08350000,pos,145,79.00000000,26.00000000,40.00000000,37.39690000,neu,0,0.00000000,0.00000000,0.00000000,0.00000000,10,330.00000000,284.00000000,68000.00000000
2024-02-17,7.64700000,7.70900000,7.34000000,7.70400000,3946834.47000000,29794182.84349000,95232,52124.10000000,52162.82000000,50625.00000000,51642.64000000,25674.00622000,1319908544.97908926,1427773,2801.81000000,2804.21000000,2719.01000000,2785.93000000,243302.87590000,673711593.25171292,969157,360.40000000,363.70000000,348.20000000,352.90000000,630266.52000000,224091913.18480000,244807,7.11090000,7.25381098,7.81435033,7.11090000,6.40744967,62.83301678,0.14522160,0.02600575,22.82512282,82.37604320,86.56043344,94.04003901,0.35887553,73.60138982,16.00000000,19.00000000,21545.00000000,pos,108,53.00000000,9.00000000,46.00000000,22.62440000,pos,151,85.00000000,24.00000000,42.00000000,46.14530000,neu,0,0.00000000,0.00000000,0.00000000,0.00000000,3,248.00000000,206.00000000,59000.00000000
2024-02-18,7.70400000,7.92000000,7.67600000,7.86000000,4114553.53000000,32032555.09121000,100426,51642.64000000,52377.00000000,51163.28000000,52137.67000000,21992.10363000,1139209588.43346262,1375422,2785.92000000,2895.00000000,2764.25000000,2881.20000000,367987.88330000,1037802342.59328675,1311570,352.90000000,358.10000000,349.10000000,349.80000000,495667.63400000,174916562.04110000,224130,7.15230000,7.31154327,7.92623258,7.15230000,6.37836742,65.61263206,0.17305073,0.05541475,23.31012580,84.31516937,84.46079451,124.21356622,0.35067013,76.95491450,34.00000000,55.00000000,25244.00000000,pos,129,65.00000000,21.00000000,43.00000000,25.17270000,pos,144,88.00000000,24.00000000,32.00000000,49.58790000,neu,0,0.00000000,0.00000000,0.00000000,0.00000000,14,252.00000000,262.00000000,59000.00000000
2024-02-19,7.86000000,8.14800000,7.65100000,8.02900000,8186553.00000000,64174923.12627000,163951,52137.68000000,52488.77000000,51677.00000000,51774.73000000,29534.99432000,1539600521.60077286,1542990,2881.20000000,2984.52000000,2856.93000000,2944.80000000,446451.04010000,1302430726.12966108,1539410,349.80000000,356.20000000,349.30000000,351.60000000,830917.53400000,292956743.15039998,345997,7.21195000,7.37987248,8.05956465,7.21195000,6.36433535,68.37221205,0.20636357,0.08560451,24.30496636,89.12390491,85.27170583,125.12386847,0.36112227,78.49334484,20.00000000,23.00000000,34848.00000000,pos,174,80.00000000,34.00000000,60.00000000,28.93750000,pos,145,80.00000000,23.00000000,42.00000000,37.07820000,neu,0,0.00000000,0.00000000,0.00000000,0.00000000,24,595.00000000,555.00000000,95000.00000000
2024-02-20,8.02900000,8.11700000,7.39900000,7.73100000,9552318.01000000,73945120.33370000,178000,51774.74000000,52985.00000000,50760.37000000,52258.82000000,49614.47318000,2574874999.37871742,1971912,2944.80000000,3033.09000000,2874.56000000,3014.81000000,634681.74710000,1868745481.64754891,1517960,351.70000000,361.60000000,344.80000000,354.60000000,972650.55800000,344718252.38940001,339802,7.26580000,7.41331320,8.10154652,7.26580000,6.43005348,59.33075959,0.20633958,0.10975152,24.10938890,85.75122834,86.39676754,72.04567891,0.38661353,71.85987260,13.00000000,49.00000000,39366.00000000,pos,149,74.00000000,25.00000000,50.00000000,22.68980000,pos,152,82.00000000,26.00000000,44.00000000,34.83630000,neu,0,0.00000000,0.00000000,0.00000000,0.00000000,44,605.00000000,507.00000000,102000.00000000
2024-02-21,7.73100000,7.73200000,7.22500000,7.46600000,6514766.28000000,48234966.35234000,127063,52258.82000000,52366.80000000,50625.00000000,51849.39000000,43079.40049000,2210278288.72509480,1824860,3014.81000000,3017.15000000,2868.00000000,2967.90000000,595955.00330000,1746960179.79394007,1256455,354.60000000,379.30000000,350.90000000,379.20000000,1701415.31300000,622522220.34959996,514587,7.29955000,7.41833099,8.11000974,7.29955000,6.48909026,52.66165718,0.18282973,0.12436717,23.24818639,70.17214867,81.68242730,0.75010716,0.39521257,65.15466527,23.00000000,30.00000000,36729.00000000,pos,148,67.00000000,40.00000000,41.00000000,13.00940000,pos,169,90.00000000,41.00000000,38.00000000,31.14670000,neu,0,0.00000000,0.00000000,0.00000000,0.00000000,30,359.00000000,285.00000000,80000.00000000
2024-02-22,7.46600000,7.68700000,7.27400000,7.48000000,5384307.43000000,40458873.89838000,100818,51849.38000000,52065.78000000,50940.78000000,51288.42000000,35309.44574000,1820949707.15853405,1688184,2967.91000000,3036.02000000,2906.51000000,2971.40000000,563525.99360000,1676206889.45140505,1205856,379.20000000,387.30000000,373.70000000,382.60000000,1409647.48100000,536344338.40799999,444044,7.32620000,7.42420423,8.12348178,7.32620000,6.52891822,52.96247171,0.16344361,0.13218245,22.44849833,54.05783567,69.99373756,-7.79710145,0.39648310,65.20018897,23.00000000,27.00000000,28936.00000000,pos,144,61.00000000,37.00000000,46.00000000,13.88210000,pos,166,79.00000000,35.00000000,52.00000000,31.09270000,neu,0,0.00000000,0.00000000,0.00000000,0.00000000,34,351.00000000,309.00000000,61000.00000000
2024-02-23,7.48100000,7.64600000,7.26900000,7.56300000,6638489.31000000,49322330.61584000,123876,51288.42000000,51548.54000000,50521.00000000,50744.15000000,30545.79544000,1559143576.82961631,1487039,2971.40000000,2993.80000000,2906.05000000,2922.24000000,428826.57870000,1261137725.51195192,1003464,382.70000000,385.80000000,369.00000000,375.50000000,1027891.29500000,386866756.78369999,369744,7.36310000,7.43742287,8.13198644,7.36310000,6.59421356,54.79644537,0.15301353,0.13634867,21.68510919,46.80213718,57.01070717,-12.59900085,0.39509145,65.29435200,39.00000000,25.00000000,28754.00000000,pos,146,69.00000000,26.00000000,51.00000000,25.89860000,pos,166,90.00000000,32.00000000,44.00000000,33.50550000,neu,0,0.00000000,0.00000000,0.00000000,0.00000000,31,389.00000000,297.00000000,72000.00000000
2024-02-24,7.56400000,7.89100000,7.43100000,7.81900000,6116096.37000000,47385015.29813000,119482,50744.15000000,51698.00000000,50585.00000000,51568.22000000,16560.42110000,847793393.57186782,855015,2922.25000000,3007.48000000,2906.40000000,2992.62000000,243854.07830000,721993808.56619298,718718,375.50000000,383.30000000,371.70000000,381.70000000,444587.48100000,168773631.02030000,205659,7.42075000,7.47376355,8.14343358,7.42075000,6.69806642,59.97941421,0.16351973,0.14178288,21.73704334,55.21712855,52.02570046,53.61806192,0.39972777,66.50143829,52.00000000,20.00000000,24022.00000000,pos,102,57.00000000,15.00000000,30.00000000,21.83580000,pos,147,80.00000000,25.00000000,42.00000000,37.87900000,neu,0,0.00000000,0.00000000,0.00000000,0.00000000,7,447.00000000,421.00000000,72000.00000000
2024-02-25,7.81900000,7.95000000,7.67700000,7.92300000,4176758.99000000,32553618.64877000,83926,51568.21000000,51958.55000000,51279.80000000,51728.85000000,18721.63159000,966951114.45046270,923992,2992.62000000,3122.00000000,2983.61000000,3112.59000000,412306.22370000,1257766106.54629874,1085332,381.60000000,391.00000000,377.60000000,388.50000000,643002.67100000,247170192.04339999,254167,7.48005000,7.51654798,8.16207184,7.48005000,6.79802816,61.89107472,0.17818390,0.14906309,21.95349070,67.54985755,56.52304109,91.10956683,0.39067579,71.12228001,41.00000000,24.00000000,21175.00000000,pos,112,53.00000000,19.00000000,40.00000000,20.36520000,pos,135,80.00000000,21.00000000,34.00000000,39.51670000,neu,0,0.00000000,0.00000000,0.00000000,0.00000000,6,234.00000000,266.00000000,50000.00000000
2024-02-26,7.92400000,8.11700000,7.58300000,8.10900000,7572230.28000000,59674731.86138000,144072,51728.85000000,54910.00000000,50901.44000000,54476.47000000,51256.72199000,2710403072.98059511,1808909,3112.60000000,3196.00000000,3036.59000000,3175.94000000,546722.77470000,1703165045.24149203,1391934,388.50000000,404.90000000,382.00000000,401.60000000,1196262.20400000,470452539.82880002,439494,7.54515000,7.57297198,8.20599651,7.54515000,6.88430349,65.10174243,0.20247995,0.15974646,22.60958598,82.96290802,68.57663137,112.85669623,0.40091323,71.63773466,51.00000000,68.00000000,35241.00000000,pos,236,105.00000000,41.00000000,90.00000000,35.16900000,pos,156,79.00000000,25.00000000,52.00000000,37.68940000,neu,0,0.00000000,0.00000000,0.00000000,0.00000000,29,430.00000000,427.00000000,82000.00000000
2024-02-27,8.10900000,8.44900000,7.98700000,8.37100000,10449184.54000000,85260782.62986000,183372,54476.48000000,57588.15000000,54450.13000000,57037.34000000,67194.98562000,3795949115.22493219,2414285,3175.95000000,3288.14000000,3160.02000000,3242.36000000,625939.12210000,2025805516.97493291,1676466,401.50000000,403.70000000,389.60000000,394.60000000,915873.07300000,364167988.71859998,359085,7.61665000,7.64897465,8.30923596,7.61665000,6.92406404,69.05642941,0.24010813,0.17581879,23.97377380,90.21194438,80.24156998,212.52961805,0.40527657,73.36797554,75.00000000,62.00000000,49387.00000000,pos,352,157.00000000,61.00000000,134.00000000,54.94770000,pos,152,89.00000000,23.00000000,40.00000000,43.14620000,neu,0,0.00000000,0.00000000,0.00000000,0.00000000,57,598.00000000,699.00000000,106000.00000000
2024-02-28,8.37100000,8.71500000,7.71300000,8.34200000,15023729.48000000,125068060.40644000,342565,57037.35000000,64000.00000000,56691.85000000,62432.10000000,118763.46984000,7162581994.48573971,3895062,3242.35000000,3488.00000000,3176.16000000,3383.10000000,947538.76600000,3153201034.91476297,2442603,394.60000000,427.30000000,394.10000000,414.60000000,1348008.99500000,552001541.86409998,632216,7.68310000,7.71497706,8.38620793,7.68310000,6.97999207,68.13605038,0.26453924,0.19356288,24.02544918,88.27768178,87.15084473,161.82056320,0.44789968,60.10807123,136.00000000,94.00000000,79915.00000000,pos,538,212.00000000,94.00000000,232.00000000,75.79290000,pos,159,96.00000000,24.00000000,39.00000000,48.85330000,neu,0,0.00000000,0.00000000,0.00000000,0.00000000,53,821.00000000,723.00000000,201000.00000000
2024-02-29,8.34200000,8.89900000,8.02900000,8.26100000,11567082.87000000,99243232.96434000,263151,62432.11000000,63676.35000000,60364.70000000,61130.98000000,78425.07603000,4872212871.27608013,3169405,3383.11000000,3522.81000000,3300.00000000,3340.09000000,759698.11230000,2608623102.49017000,2112875,414.70000000,419.70000000,391.10000000,399.40000000,1146024.36200000,469627729.07480001,580983,7.73635000,7.76697925,8.44512282,7.73635000,7.02757718,65.50977415,0.27420419,0.20969114,24.50308303,76.82719603,85.10560740,158.74355368,0.47804970,61.77277795,130.00000000,47.00000000,74759.00000000,pos,289,124.00000000,67.00000000,98.00000000,36.32900000,pos,161,86.00000000,31.00000000,44.00000000,34.45060000,pos,1,1.00000000,0.00000000,0.00000000,0.77770000,51,507.00000000,512.00000000,153000.00000000
2024-03-01,8.26300000,8.67300000,8.26300000,8.66100000,7440771.13000000,62653156.22702000,158857,61130.99000000,63114.23000000,60777.00000000,62387.90000000,47737.93473000,2956537377.96602964,1947444,3340.10000000,3450.00000000,3338.54000000,3433.43000000,412788.57730000,1405295834.57269406,1263130,399.30000000,408.60000000,398.80000000,407.40000000,586580.61100000,237860266.13380000,311204,7.80940000,7.85212408,8.58042202,7.80940000,7.03837798,71.37706108,0.31056044,0.22986500,24.94660017,74.21223128,79.77236970,150.95064968,0.47333186,67.48510507,63.00000000,51.00000000,66971.00000000,pos,261,133.00000000,51.00000000,77.00000000,53.32580000,pos,175,101.00000000,21.00000000,53.00000000,51.73950000,pos,1,1.00000000,0.00000000,0.00000000,0.72690000,50,350.00000000,321.00000000,96000.00000000
2024-03-02,8.66100000,9.46700000,8.57600000,9.46300000,12812343.11000000,115696178.27530999,294596,62387.90000000,62433.19000000,61561.12000000,61987.28000000,25534.73659000,1582566973.83409309,1641808,3433.42000000,3460.04000000,3390.01000000,3421.40000000,283984.94480000,971756920.45120883,926113,407.40000000,414.80000000,405.80000000,410.90000000,590018.54300000,241430398.07420000,317270,7.92760000,8.00554083,8.91983735,7.92760000,6.93536265,79.06633872,0.39948274,0.26378855,26.77187531,82.49727959,77.84556897,209.19392538,0.50316530,73.70737712,87.00000000,100.00000000,90542.00000000,pos,179,82.00000000,35.00000000,62.00000000,30.32180000,pos,193,92.00000000,30.00000000,71.00000000,39.34850000,neu,0,0.00000000,0.00000000,0.00000000,0.00000000,24,554.00000000,645.00000000,166000.00000000
2024-03-03,9.46300000,9.90000000,8.57600000,9.78100000,15549955.02000000,146134358.56841001,364720,61987.28000000,63231.88000000,61320.00000000,63113.97000000,28994.90903000,1804536272.94434571,1992011,3421.39000000,3491.80000000,3360.00000000,3487.81000000,341631.53100000,1172272660.98448992,1116823,410.90000000,416.80000000,402.20000000,414.50000000,838274.34600000,344938583.21170002,383839,8.04965000,8.17463218,9.29179078,8.04965000,6.80750922,81.22056481,0.48996622,0.30902408,28.97462077,93.71851550,83.47600879,182.49394291,0.56179635,76.56174459,93.00000000,73.00000000,92035.00000000,pos,219,112.00000000,37.00000000,70.00000000,45.56340000,pos,156,80.00000000,26.00000000,50.00000000,35.27350000,neu,0,0.00000000,0.00000000,0.00000000,0.00000000,20,663.00000000,705.00000000,206000.00000000
2024-03-04,9.78100000,10.31000000,9.50000000,9.86200000,20642389.86000000,204917314.03845999,494931,63113.97000000,68499.00000000,62300.00000000,68245.71000000,84835.16005000,5568877537.08125210,3887853,3487.80000000,3640.94000000,3423.78000000,3627.76000000,715360.63610000,2526905041.93918943,1953764,414.50000000,423.80000000,410.60000000,418.40000000,1045414.00100000,436000270.40030003,477914,8.17510000,8.33533388,9.60332308,8.17510000,6.74687692,81.73612756,0.56173571,0.35956641,31.40684911,93.61703656,89.94427721,184.76030893,0.57952518,79.29783204,77.00000000,91.00000000,143912.00000000,pos,534,247.00000000,81.00000000,206.00000000,92.43600000,pos,192,99.00000000,30.00000000,63.00000000,44.02640000,neu,0,0.00000000,0.00000000,0.00000000,0.00000000,69,920.00000000,905.00000000,280000.00000000
2024-03-05,9.86200000,10.76200000,8.17000000,9.32000000,31707926.36000000,312847055.90205997,840745,68245.71000000,69000.00000000,59005.00000000,63724.01000000,132696.78130000,8674526591.28713989,5310706,3627.75000000,3822.04000000,3200.00000000,3553.65000000,1392904.86400000,5043847679.68348026,3265582,418.50000000,427.20000000,356.10000000,394.10000000,2073303.79000000,842880032.16110003,919160,8.25865000,8.42911161,9.74818070,8.25865000,6.76911930,68.23668384,0.56832736,0.40131860,30.07199387,80.08683617,89.14079608,106.46450916,0.72327338,66.72565424,162.00000000,205.00000000,202537.00000000,pos,360,167.00000000,69.00000000,124.00000000,57.06900000,pos,169,84.00000000,24.00000000,61.00000000,40.58520000,pos,1,1.00000000,0.00000000,0.00000000,0.86330000,65,881.00000000,780.00000000,511000.00000000
2024-03-06,9.32000000,10.56000000,8.92400000,10.54400000,17135241.23000000,169931312.14862001,426365,63724.01000000,67641.10000000,62779.14000000,66074.04000000,78738.85491000,5197743036.59727573,3302981,3553.66000000,3900.00000000,3499.40000000,3818.59000000,969494.71000000,3652250924.27773666,2555462,394.10000000,434.70000000,385.60000000,429.40000000,1804741.11200000,751515764.42240000,770778,8.39680000,8.63052955,10.16916989,8.39680000,6.62443011,77.33893696,0.66465612,0.45398610,28.83248544,79.48935104,84.39774126,132.46785534,0.78846814,72.54371539,85.00000000,97.00000000,128770.00000000,pos,244,123.00000000,44.00000000,77.00000000,42.66470000,pos,193,97.00000000,35.00000000,61.00000000,42.98500000,neu,0,0.00000000,0.00000000,0.00000000,0.00000000,49,549.00000000,550.00000000,252000.00000000
2024-03-07,10.54400000,11.00000000,10.20900000,10.40200000,11994126.73000000,126076734.71795000,306333,66074.04000000,67980.00000000,65551.00000000,66823.17000000,53059.88690000,3548088039.27360821,2428227,3818.58000000,3933.81000000,3735.00000000,3868.76000000,540780.67500000,2067607917.44370890,1636716,429.40000000,476.80000000,423.20000000,474.60000000,1672134.41000000,749769224.13660002,665523,8.53455000,8.79924102,10.47287923,8.53455000,6.59622077,74.66570972,0.72122530,0.50743394,28.34150446,78.98735287,79.52118003,142.15169730,0.78864899,73.99815888,46.00000000,50.00000000,109745.00000000,pos,210,92.00000000,43.00000000,75.00000000,29.24130000,pos,163,73.00000000,33.00000000,57.00000000,30.47890000,neu,0,0.00000000,0.00000000,0.00000000,0.00000000,33,415.00000000,430.00000000,182000.00000000
2024-03-08,10.40400000,10.70000000,9.94600000,10.63700000,12982892.21000000,134810803.31724000,314264,66823.18000000,69990.00000000,66082.66000000,68124.19000000,74261.93284200,5044395324.39905643,2943927,3868.76000000,3993.75000000,3820.00000000,3883.36000000,646399.25890000,2534209920.00556469,1657141,474.60000000,489.60000000,462.50000000,485.80000000,1660311.36100000,791088261.86261201,706558,8.68120000,8.97426568,10.78291165,8.68120000,6.57948835,76.13581516,0.77607323,0.56116180,27.32983223,89.18671856,82.55447416,112.81448740,0.78617406,67.38763077,62.00000000,93.00000000,114446.00000000,pos,298,144.00000000,56.00000000,98.00000000,52.07010000,pos,165,91.00000000,20.00000000,54.00000000,46.34580000,neg,1,0.00000000,1.00000000,0.00000000,-0.43890000,56,521.00000000,478.00000000,196000.00000000
2024-03-09,10.63700000,10.95000000,10.40900000,10.49300000,9384527.61000000,100167135.91858999,226543,68124.20000000,68541.10000000,67861.10000000,68313.27000000,19872.89743000,1355964036.90929866,1345341,3883.37000000,3942.00000000,3870.01000000,3905.21000000,254839.13860000,995823688.31355298,819335,485.80000000,493.80000000,480.70000000,488.30000000,852029.24100000,414533147.66759998,433520,8.81285000,9.11890705,11.01954774,8.81285000,6.60615226,73.32787308,0.79871394,0.60867223,26.76623106,86.32121080,84.83176074,111.48431159,0.76866163,68.35775793,23.00000000,18.00000000,69213.00000000,pos,191,102.00000000,29.00000000,60.00000000,36.81900000,pos,147,83.00000000,25.00000000,39.00000000,38.88950000,neu,0,0.00000000,0.00000000,0.00000000,0.00000000,24,445.00000000,388.00000000,139000.00000000
2024-03-10,10.49400000,10.57400000,9.96300000,10.26100000,7587844.77000000,78414400.74477001,192434,68313.28000000,69887.61000000,68094.75000000,68955.88000000,38404.66835000,2659307501.09457779,2139518,3905.20000000,3964.67000000,3791.26000000,3878.47000000,356664.68000000,1393415653.98341990,1195480,488.30000000,537.50000000,484.80000000,528.90000000,1944137.08400000,1008148996.34200001,909899,8.92445000,9.22767781,11.18636074,8.92445000,6.66253926,68.91784832,0.78884311,0.64470641,25.34392973,84.45478288,86.65423741,74.28474220,0.75740008,64.84008437,25.00000000,29.00000000,61198.00000000,pos,190,86.00000000,32.00000000,72.00000000,30.79560000,pos,127,83.00000000,14.00000000,30.00000000,41.44470000,neu,0,0.00000000,0.00000000,0.00000000,0.00000000,19,332.00000000,280.00000000,122000.00000000
2024-03-11,10.26200000,11.24900000,9.79100000,11.04300000,14996657.84000000,161100181.82387999,373463,68955.88000000,72800.00000000,67024.96000000,72078.10000000,75292.82572600,5352704377.61880493,3043414,3878.47000000,4086.23000000,3722.95000000,4064.80000000,721554.51390000,2874119154.30335903,1894504,528.90000000,533.80000000,505.50000000,523.00000000,1608146.39700000,837717178.08169985,729133,9.09005000,9.40056563,11.46056323,9.09005000,6.71953677,74.48750393,0.83450166,0.68266546,24.99838542,85.90315767,85.55971711,96.02112355,0.80744294,66.68714516,41.00000000,65.00000000,107412.00000000,pos,438,213.00000000,74.00000000,151.00000000,82.81320000,pos,169,83.00000000,25.00000000,61.00000000,36.49220000,neu,0,0.00000000,0.00000000,0.00000000,0.00000000,56,562.00000000,571.00000000,227000.00000000
2024-03-12,11.04300000,11.15000000,10.02000000,10.73600000,12039946.94000000,128250928.43393999,311774,72078.10000000,73000.00000000,68620.82000000,71452.01000000,68783.54669100,4909667978.55933762,3047890,4064.80000000,4093.92000000,3828.98000000,3979.96000000,632787.39410000,2522475873.08181000,1878541,523.00000000,548.50000000,519.00000000,537.50000000,1924767.68700000,1029803000.13680005,974595,9.25355000,9.52774986,11.60444910,9.25355000,6.90265090,69.24182081,0.83627400,0.71338716,24.67752285,86.01304376,85.45699477,80.78112386,0.83048273,60.83377881,40.00000000,49.00000000,99184.00000000,pos,241,125.00000000,45.00000000,71.00000000,46.20020000,pos,184,107.00000000,34.00000000,43.00000000,43.39390000,pos,3,2.00000000,1.00000000,0.00000000,0.53070000,36,413.00000000,351.00000000,195000.00000000
2024-03-13,10.73600000,11.46000000,10.63800000,11.37400000,11969881.19000000,131486966.49787000,276468,71452.00000000,73650.25000000,71333.31000000,73072.41000000,52659.71164700,3829764501.25379276,2501197,3979.97000000,4083.00000000,3932.23000000,4004.79000000,482305.77660000,1933909390.30212402,1536498,537.40000000,633.50000000,531.70000000,630.50000000,2526002.56400000,1472173679.01329994,1265237,9.44825000,9.70358321,11.82422558,9.44825000,7.07227442,73.42959946,0.87902699,0.74651513,24.79075492,92.38657725,88.10092622,117.81596135,0.82987682,67.35225108,64.00000000,81.00000000,92576.00000000,pos,275,120.00000000,64.00000000,91.00000000,38.27160000,pos,205,110.00000000,29.00000000,66.00000000,50.61940000,neg,1,0.00000000,1.00000000,0.00000000,-0.19180000,73,578.00000000,553.00000000,164000.00000000
2024-03-14,11.37400000,11.88900000,10.67500000,11.55800000,20155350.19000000,229071925.84591001,536988,73072.40000000,73777.00000000,68555.00000000,71388.94000000,71757.62874600,5132189849.09663200,2994869,4004.79000000,4010.98000000,3723.00000000,3881.70000000,648237.52450000,2520007951.69119978,1919963,630.50000000,631.50000000,565.50000000,603.20000000,2119540.30000000,1276710945.00939989,1038297,9.64800000,9.88019433,12.02813344,9.64800000,7.26786656,74.50759207,0.91718358,0.78064882,25.40894171,91.36176053,89.92046051,127.08366531,0.85731419,69.41397700,102.00000000,133.00000000,145727.00000000,pos,211,104.00000000,45.00000000,62.00000000,39.85520000,pos,181,97.00000000,31.00000000,53.00000000,42.91450000,pos,4,4.00000000,0.00000000,0.00000000,2.62400000,29,754.00000000,677.00000000,327000.00000000
2024-03-15,11.55700000,11.70600000,9.97500000,10.81000000,20216540.26000000,215857142.24061000,557152,71388.94000000,72419.71000000,65600.00000000,69499.85000000,103334.03546000,7065279917.87211227,3904445,3881.69000000,3934.02000000,3570.00000000,3742.19000000,947537.40710000,3513477459.32044888,2487337,603.20000000,635.20000000,540.90000000,632.70000000,3066312.78800000,1801522551.25839996,1365283,9.79755000,9.96874725,12.07275878,9.79755000,7.52234122,63.26976463,0.87695660,0.79991038,24.58988986,86.52667485,90.09167088,64.10357787,0.91972032,61.78833658,88.00000000,83.00000000,147460.00000000,pos,238,117.00000000,43.00000000,78.00000000,39.85050000,pos,106,61.00000000,18.00000000,27.00000000,29.22780000,neu,0,0.00000000,0.00000000,0.00000000,0.00000000,25,493.00000000,430.00000000,360000.00000000
2024-03-16,10.81100000,10.89900000,9.50200000,9.68200000,13825011.98000000,141260282.07714999,330505,69499.84000000,70043.00000000,64780.00000000,65300.63000000,55926.95336000,3788544202.88485622,2729019,3742.19000000,3781.12000000,3468.80000000,3523.09000000,548288.15690000,1999176881.31261516,1798939,632.70000000,645.20000000,567.20000000,576.40000000,1811838.04200000,1089990828.53250003,1025452,9.88550000,9.94143799,11.99393947,9.88550000,7.77706053,50.82120798,0.74546302,0.78902091,23.04697190,67.58089092,81.82310877,-50.53157122,0.95381172,56.03448237,30.00000000,49.00000000,88095.00000000,pos,670,358.00000000,110.00000000,202.00000000,144.07600000,pos,471,274.00000000,82.00000000,115.00000000,134.26950000,neu,0,0.00000000,0.00000000,0.00000000,0.00000000,20,513.00000000,403.00000000,209000.00000000
2024-03-17,9.68400000,10.25200000,9.19000000,10.08300000,9420189.81000000,92578800.73045000,229683,65300.64000000,68904.40000000,64533.00000000,68393.48000000,49742.21589000,3322963634.24251270,2449156,3523.09000000,3678.68000000,3412.00000000,3644.71000000,517790.99360000,1843487764.62131405,1721355,576.40000000,590.50000000,548.60000000,571.70000000,1712920.34100000,984797926.64510000,802297,9.98420000,9.95492008,11.92923497,9.98420000,8.03916503,54.26613955,0.66593428,0.76440358,21.65748534,54.36049117,69.48935232,-88.21264623,0.96153946,50.78218393,36.00000000,48.00000000,71390.00000000,pos,693,359.00000000,132.00000000,202.00000000,133.45840000,pos,413,197.00000000,73.00000000,143.00000000,87.40140000,neu,0,0.00000000,0.00000000,0.00000000,0.00000000,21,295.00000000,277.00000000,150000.00000000
2024-03-18,10.08300000,10.45600000,9.60200000,9.90200000,9838197.40000000,98681512.72010000,245319,68393.47000000,68956.00000000,66565.20000000,67609.99000000,55691.08088000,3768277912.41891909,2464515,3644.70000000,3645.02000000,3454.09000000,3520.46000000,570901.28510000,2029690613.72146201,1906387,571.70000000,587.70000000,540.10000000,555.40000000,2284301.81400000,1280062076.32319999,994512,10.06075000,9.94988008,11.86091387,10.06075000,8.26058613,52.47920409,0.58159770,0.72784240,20.17250449,46.22210272,56.05449494,-67.97573642,0.95385807,48.31063370,34.00000000,43.00000000,84706.00000000,pos,696,372.00000000,133.00000000,191.00000000,144.55770000,pos,471,239.00000000,84.00000000,148.00000000,100.92140000,neu,0,0.00000000,0.00000000,0.00000000,0.00000000,43,343.00000000,228.00000000,154000.00000000
2024-03-19,9.90100000,9.99400000,8.60000000,8.76600000,15363075.80000000,140223015.47042999,341363,67610.00000000,68124.11000000,61555.00000000,61937.40000000,101005.32487000,6484805948.53539276,3593832,3520.47000000,3548.09000000,3150.88000000,3158.64000000,1049629.69360000,3474307712.27645588,2647385,555.40000000,560.60000000,495.80000000,507.70000000,2551361.51200000,1331115169.02830005,1213572,10.08195000,9.83712959,11.80915798,10.08195000,8.35474202,42.92535681,0.41827305,0.66592853,20.00651593,34.35244820,44.97834736,-190.86954750,0.98529678,52.23584502,120.00000000,126.00000000,135180.00000000,pos,961,481.00000000,185.00000000,295.00000000,177.84480000,pos,509,283.00000000,90.00000000,136.00000000,133.02520000,pos,1,1.00000000,0.00000000,0.00000000,0.44040000,56,534.00000000,433.00000000,221000.00000000
2024-03-20,8.76600000,9.56700000,8.48800000,9.48300000,12729562.23000000,115192954.03982000,267797,61937.41000000,68100.00000000,60775.00000000,67840.51000000,90420.58592000,5769770052.06258297,3549793,3158.65000000,3535.24000000,3056.56000000,3516.53000000,1207322.82010000,3957251428.89904070,2987953,507.70000000,559.00000000,500.00000000,556.80000000,1425296.57900000,749188287.29999983,809335,10.14305000,9.80340296,11.68476690,10.14305000,8.60133310,49.21018222,0.34274209,0.60129124,19.98058674,26.95829566,35.84428219,-150.24136651,0.99198986,50.85878293,185.00000000,117.00000000,112997.00000000,pos,866,463.00000000,147.00000000,256.00000000,199.18210000,pos,555,292.00000000,94.00000000,169.00000000,130.80830000,pos,1,1.00000000,0.00000000,0.00000000,0.44040000,40,473.00000000,386.00000000,171000.00000000
2024-03-21,9.48300000,9.58300000,9.06700000,9.17900000,7536093.12000000,70326185.56471001,156774,67840.51000000,68240.47000000,64529.01000000,65501.27000000,53357.48002000,3551223142.96441698,2388390,3516.53000000,3587.32000000,3412.00000000,3492.85000000,602755.20720000,2114084858.15653515,1791989,556.70000000,571.00000000,540.60000000,553.80000000,953921.37200000,530484956.59649998,563996,10.16895000,9.74393602,11.62524385,10.16895000,8.71265615,46.85437745,0.25540880,0.53211476,19.92788089,18.20692720,26.50589035,-111.92387328,0.95799059,49.35013673,64.00000000,81.00000000,66543.00000000,pos,692,396.00000000,103.00000000,193.00000000,183.34110000,pos,533,284.00000000,86.00000000,163.00000000,139.78160000,neu,0,0.00000000,0.00000000,0.00000000,0.00000000,24,350.00000000,290.00000000,101000.00000000
2024-03-22,9.17900000,9.36700000,8.69400000,8.93600000,6104700.92000000,55019173.18080000,147578,65501.28000000,66649.62000000,62260.00000000,63796.64000000,51482.37821000,3310481978.10764503,2492881,3492.84000000,3542.52000000,3250.00000000,3336.35000000,558848.88800000,1891771641.01900721,1747756,553.80000000,588.10000000,535.50000000,553.80000000,1181298.51000000,665146195.22309995,712381,10.14260000,9.66698973,11.66653391,10.14260000,8.61866609,44.99993410,0.16469002,0.45862981,20.32644437,20.91541703,22.02687996,-116.79303976,0.93763412,51.60694334,57.00000000,66.00000000,68616.00000000,pos,681,353.00000000,95.00000000,233.00000000,150.79550000,pos,546,283.00000000,112.00000000,151.00000000,108.95910000,neu,0,0.00000000,0.00000000,0.00000000,0.00000000,41,252.00000000,206.00000000,92000.00000000
